254;symbol_selection
343;base_selection
346;savebutton
350;previwiew_layer
351;preview_screen
365;preview_set
374;color_selector_single
378;color_selector_set
381;position_selector_mc
386;position_selector
419;__Packages.com.sulake.common.util.EventRelayListener
420;__Packages.com.sulake.common.util.Event
421;__Packages.com.sulake.badgeeditor.ui.PreviewSetMc
422;__Packages.com.sulake.common.util.EventRelay
423;__Packages.com.sulake.common.util.Collection
424;__Packages.com.sulake.common.util.Enumeration
425;__Packages.com.sulake.common.Coloring
426;__Packages.com.sulake.badgeeditor.ui.ColorSelectorSingle
427;__Packages.com.sulake.badgeeditor.ExternalData
428;__Packages.com.sulake.badgeeditor.ui.ColorSelectorSet
429;__Packages.com.sulake.badgeeditor.ui.SelectorPointerMc
430;__Packages.com.sulake.badgeeditor.ui.PositionSelectorMc
431;__Packages.com.sulake.badgeeditor.ui.SaveButtonMc
432;__Packages.com.sulake.badgeeditor.SendToServer
433;__Packages.com.sulake.badgeeditor.BadgeEditor
434;__Packages.com.sulake.habbo.Localization
435;__Packages.com.sulake.badgeeditor.GetFromServer
254;symbol_selection
343;base_selection
346;savebutton
350;previwiew_layer
351;preview_screen
365;preview_set
374;color_selector_single
378;color_selector_set
381;position_selector_mc
386;position_selector
419;__Packages.com.sulake.common.util.EventRelayListener
420;__Packages.com.sulake.common.util.Event
421;__Packages.com.sulake.badgeeditor.ui.PreviewSetMc
422;__Packages.com.sulake.common.util.EventRelay
423;__Packages.com.sulake.common.util.Collection
424;__Packages.com.sulake.common.util.Enumeration
425;__Packages.com.sulake.common.Coloring
426;__Packages.com.sulake.badgeeditor.ui.ColorSelectorSingle
427;__Packages.com.sulake.badgeeditor.ExternalData
428;__Packages.com.sulake.badgeeditor.ui.ColorSelectorSet
429;__Packages.com.sulake.badgeeditor.ui.SelectorPointerMc
430;__Packages.com.sulake.badgeeditor.ui.PositionSelectorMc
431;__Packages.com.sulake.badgeeditor.ui.SaveButtonMc
432;__Packages.com.sulake.badgeeditor.SendToServer
433;__Packages.com.sulake.badgeeditor.BadgeEditor
434;__Packages.com.sulake.habbo.Localization
435;__Packages.com.sulake.badgeeditor.GetFromServer
