3;h_std_sh_004_7_0
6;h_std_sh_004_3_0
9;h_std_sh_004_2_0
12;h_std_sh_004_1_0
15;h_std_sh_004_0_0
18;h_std_sh_003_7_0
21;h_std_sh_003_3_0
24;h_std_sh_003_2_0
27;h_std_sh_003_1_0
30;h_std_sh_003_0_0
33;h_std_sh_002_7_0
36;h_std_sh_002_3_0
39;h_std_sh_002_2_0
42;h_std_sh_002_1_0
45;h_std_sh_002_0_0
48;h_std_sh_001_7_0
51;h_std_sh_001_3_0
54;h_std_sh_001_2_0
57;h_std_sh_001_1_0
60;h_std_sh_001_0_0
63;h_std_sd_001_0_0
66;h_std_rs_800_7_0
69;h_std_rs_800_3_0
72;h_std_rs_800_2_0
75;h_std_rs_800_1_0
78;h_std_rs_800_0_0
81;h_std_rs_017_7_0
84;h_std_rs_017_3_0
87;h_std_rs_017_2_0
90;h_std_rs_017_1_0
93;h_std_rs_017_0_0
96;h_std_rs_002_7_0
99;h_std_rs_002_3_0
102;h_std_rs_002_2_0
105;h_std_rs_002_1_0
108;h_std_rs_002_0_0
111;h_std_rs_001_7_0
114;h_std_rs_001_3_0
117;h_std_rs_001_2_0
120;h_std_rs_001_1_0
123;h_std_rs_001_0_0
126;h_std_rh_001_7_0
129;h_std_rh_001_3_0
132;h_std_rh_001_2_0
135;h_std_rh_001_1_0
138;h_std_rh_001_0_0
141;h_std_ls_800_7_0
144;h_std_ls_800_3_0
147;h_std_ls_800_2_0
150;h_std_ls_800_1_0
153;h_std_ls_800_0_0
156;h_std_ls_017_7_0
159;h_std_ls_017_3_0
162;h_std_ls_017_2_0
165;h_std_ls_017_1_0
168;h_std_ls_017_0_0
171;h_std_ls_002_7_0
174;h_std_ls_002_3_0
177;h_std_ls_002_2_0
180;h_std_ls_002_1_0
183;h_std_ls_002_0_0
186;h_std_ls_001_7_0
189;h_std_ls_001_3_0
192;h_std_ls_001_2_0
195;h_std_ls_001_1_0
198;h_std_ls_001_0_0
201;h_std_lh_001_7_0
204;h_std_lh_001_3_0
207;h_std_lh_001_2_0
210;h_std_lh_001_1_0
213;h_std_lh_001_0_0
216;h_std_lg_201_7_0
219;h_std_lg_201_3_0
222;h_std_lg_201_2_0
225;h_std_lg_201_1_0
228;h_std_lg_201_0_0
231;h_std_lg_200_7_0
234;h_std_lg_200_3_0
237;h_std_lg_200_2_0
240;h_std_lg_200_1_0
243;h_std_lg_200_0_0
246;h_std_lg_006_7_0
249;h_std_lg_006_3_0
252;h_std_lg_006_2_0
255;h_std_lg_006_1_0
258;h_std_lg_006_0_0
261;h_std_lg_005_7_0
264;h_std_lg_005_3_0
267;h_std_lg_005_2_0
270;h_std_lg_005_1_0
273;h_std_lg_005_0_0
276;h_std_lg_004_7_0
279;h_std_lg_004_3_0
282;h_std_lg_004_2_0
285;h_std_lg_004_1_0
288;h_std_lg_004_0_0
291;h_std_lg_003_7_0
294;h_std_lg_003_3_0
297;h_std_lg_003_2_0
300;h_std_lg_003_1_0
303;h_std_lg_003_0_0
306;h_std_lg_002_7_0
309;h_std_lg_002_3_0
312;h_std_lg_002_2_0
315;h_std_lg_002_1_0
318;h_std_lg_002_0_0
321;h_std_lg_001_7_0
324;h_std_lg_001_3_0
327;h_std_lg_001_2_0
330;h_std_lg_001_1_0
333;h_std_lg_001_0_0
336;h_std_hr_996_7_0
339;h_std_hr_996_3_0
342;h_std_hr_996_2_0
345;h_std_hr_996_1_0
348;h_std_hr_996_0_0
351;h_std_hr_800_2_0
354;h_std_hr_509_7_0
357;h_std_hr_509_3_0
360;h_std_hr_509_2_0
363;h_std_hr_509_1_0
366;h_std_hr_509_0_0
369;h_std_hr_508_7_0
372;h_std_hr_508_3_0
375;h_std_hr_508_2_0
378;h_std_hr_508_1_0
381;h_std_hr_508_0_0
384;h_std_hr_507_7_0
387;h_std_hr_507_3_0
390;h_std_hr_507_2_0
393;h_std_hr_507_1_0
396;h_std_hr_507_0_0
399;h_std_hr_506_7_0
402;h_std_hr_506_3_0
405;h_std_hr_506_2_0
408;h_std_hr_506_1_0
411;h_std_hr_506_0_0
414;h_std_hr_505_7_0
417;h_std_hr_505_3_0
420;h_std_hr_505_2_0
423;h_std_hr_505_1_0
426;h_std_hr_505_0_0
429;h_std_hr_504_7_0
432;h_std_hr_504_3_0
435;h_std_hr_504_2_0
438;h_std_hr_504_1_0
441;h_std_hr_504_0_0
444;h_std_hr_503_7_0
447;h_std_hr_503_3_0
450;h_std_hr_503_2_0
453;h_std_hr_503_1_0
456;h_std_hr_503_0_0
459;h_std_hr_502_7_0
462;h_std_hr_502_3_0
465;h_std_hr_502_2_0
468;h_std_hr_502_1_0
471;h_std_hr_502_0_0
474;h_std_hr_501_7_0
477;h_std_hr_501_3_0
480;h_std_hr_501_2_0
483;h_std_hr_501_1_0
486;h_std_hr_501_0_0
489;h_std_hr_458_7_0
492;h_std_hr_458_3_0
495;h_std_hr_458_2_0
498;h_std_hr_458_1_0
501;h_std_hr_458_0_0
504;h_std_hr_457_7_0
507;h_std_hr_457_3_0
510;h_std_hr_457_2_0
513;h_std_hr_457_1_0
516;h_std_hr_457_0_0
519;h_std_hr_203_7_0
522;h_std_hr_203_3_0
525;h_std_hr_203_2_0
528;h_std_hr_203_1_0
531;h_std_hr_203_0_0
534;h_std_hr_202_7_0
537;h_std_hr_202_3_0
540;h_std_hr_202_2_0
543;h_std_hr_202_1_0
546;h_std_hr_202_0_0
549;h_std_hr_201_7_0
552;h_std_hr_201_3_0
555;h_std_hr_201_2_0
558;h_std_hr_201_1_0
561;h_std_hr_201_0_0
564;h_std_hr_200_7_0
567;h_std_hr_200_3_0
570;h_std_hr_200_2_0
573;h_std_hr_200_1_0
576;h_std_hr_200_0_0
579;h_std_hr_026_7_0
582;h_std_hr_026_3_0
585;h_std_hr_026_2_0
588;h_std_hr_026_1_0
591;h_std_hr_026_0_0
594;h_std_hr_025_7_0
597;h_std_hr_025_3_0
600;h_std_hr_025_2_0
603;h_std_hr_025_1_0
606;h_std_hr_025_0_0
609;h_std_hr_024_7_0
612;h_std_hr_024_3_0
615;h_std_hr_024_2_0
618;h_std_hr_024_1_0
621;h_std_hr_024_0_0
624;h_std_hr_023_7_0
627;h_std_hr_023_3_0
630;h_std_hr_023_2_0
633;h_std_hr_023_1_0
636;h_std_hr_023_0_0
639;h_std_hr_022_7_0
642;h_std_hr_022_3_0
645;h_std_hr_022_2_0
648;h_std_hr_022_1_0
651;h_std_hr_022_0_0
654;h_std_hr_021_7_0
657;h_std_hr_021_3_0
660;h_std_hr_021_2_0
663;h_std_hr_021_1_0
666;h_std_hr_021_0_0
669;h_std_hr_020_7_0
672;h_std_hr_020_3_0
675;h_std_hr_020_2_0
678;h_std_hr_020_1_0
681;h_std_hr_020_0_0
684;h_std_hr_019_7_0
687;h_std_hr_019_3_0
690;h_std_hr_019_2_0
693;h_std_hr_019_1_0
696;h_std_hr_019_0_0
699;h_std_hr_018_7_0
702;h_std_hr_018_3_0
705;h_std_hr_018_2_0
708;h_std_hr_018_1_0
711;h_std_hr_018_0_0
714;h_std_hr_017_7_0
717;h_std_hr_017_3_0
720;h_std_hr_017_2_0
723;h_std_hr_017_1_0
726;h_std_hr_017_0_0
729;h_std_hr_016_7_0
732;h_std_hr_016_3_0
735;h_std_hr_016_2_0
738;h_std_hr_016_1_0
741;h_std_hr_016_0_0
744;h_std_hr_015_7_0
747;h_std_hr_015_3_0
750;h_std_hr_015_2_0
753;h_std_hr_015_1_0
756;h_std_hr_015_0_0
759;h_std_hr_014_7_0
762;h_std_hr_014_3_0
765;h_std_hr_014_2_0
768;h_std_hr_014_1_0
771;h_std_hr_014_0_0
774;h_std_hr_013_7_0
777;h_std_hr_013_3_0
780;h_std_hr_013_2_0
783;h_std_hr_013_1_0
786;h_std_hr_013_0_0
789;h_std_hr_011_7_0
792;h_std_hr_011_3_0
795;h_std_hr_011_2_0
798;h_std_hr_011_1_0
801;h_std_hr_011_0_0
804;h_std_hr_010_7_0
807;h_std_hr_010_3_0
810;h_std_hr_010_2_0
813;h_std_hr_010_1_0
816;h_std_hr_010_0_0
819;h_std_hr_009_7_0
822;h_std_hr_009_3_0
825;h_std_hr_009_2_0
828;h_std_hr_009_1_0
831;h_std_hr_009_0_0
834;h_std_hr_008_7_0
837;h_std_hr_008_3_0
840;h_std_hr_008_2_0
843;h_std_hr_008_1_0
846;h_std_hr_008_0_0
849;h_std_hr_007_7_0
852;h_std_hr_007_3_0
855;h_std_hr_007_2_0
858;h_std_hr_007_1_0
861;h_std_hr_007_0_0
864;h_std_hr_006_7_0
867;h_std_hr_006_3_0
870;h_std_hr_006_2_0
873;h_std_hr_006_1_0
876;h_std_hr_006_0_0
879;h_std_hr_005_7_0
882;h_std_hr_005_3_0
885;h_std_hr_005_2_0
888;h_std_hr_005_1_0
891;h_std_hr_005_0_0
894;h_std_hr_004_7_0
897;h_std_hr_004_3_0
900;h_std_hr_004_2_0
903;h_std_hr_004_1_0
906;h_std_hr_004_0_0
909;h_std_hr_003_7_0
912;h_std_hr_003_3_0
915;h_std_hr_003_2_0
918;h_std_hr_003_1_0
921;h_std_hr_003_0_0
924;h_std_hr_002_7_0
927;h_std_hr_002_3_0
930;h_std_hr_002_2_0
933;h_std_hr_002_1_0
936;h_std_hr_002_0_0
939;h_std_hr_001_7_0
942;h_std_hr_001_3_0
945;h_std_hr_001_2_0
948;h_std_hr_001_1_0
951;h_std_hr_001_0_0
954;h_std_hd_002_7_0
957;h_std_hd_002_3_0
960;h_std_hd_002_2_0
963;h_std_hd_002_1_0
966;h_std_hd_002_0_0
969;h_std_hd_001_7_0
972;h_std_hd_001_3_0
975;h_std_hd_001_2_0
978;h_std_hd_001_1_0
981;h_std_hd_001_0_0
984;h_std_fc_001_3_0
987;h_std_fc_001_2_0
990;h_std_fc_001_1_0
993;h_std_ey_007_3_0
996;h_std_ey_007_2_0
999;h_std_ey_007_1_0
1002;h_std_ey_006_3_0
1005;h_std_ey_006_2_0
1008;h_std_ey_006_1_0
1011;h_std_ey_005_3_0
1014;h_std_ey_005_2_0
1017;h_std_ey_005_1_0
1020;h_std_ey_004_3_0
1023;h_std_ey_004_2_0
1026;h_std_ey_004_1_0
1029;h_std_ey_003_3_0
1032;h_std_ey_003_2_0
1035;h_std_ey_003_1_0
1038;h_std_ey_002_3_0
1041;h_std_ey_002_2_0
1044;h_std_ey_002_1_0
1047;h_std_ey_001_3_0
1050;h_std_ey_001_2_0
1053;h_std_ey_001_1_0
1056;h_std_ch_800_7_0
1059;h_std_ch_800_3_0
1062;h_std_ch_800_2_0
1065;h_std_ch_800_1_0
1068;h_std_ch_800_0_0
1071;h_std_ch_507_7_0
1074;h_std_ch_507_3_0
1077;h_std_ch_507_2_0
1080;h_std_ch_507_1_0
1083;h_std_ch_507_0_0
1086;h_std_ch_506_7_0
1089;h_std_ch_506_3_0
1092;h_std_ch_506_2_0
1095;h_std_ch_506_1_0
1098;h_std_ch_506_0_0
1101;h_std_ch_505_7_0
1104;h_std_ch_505_3_0
1107;h_std_ch_505_2_0
1110;h_std_ch_505_1_0
1113;h_std_ch_505_0_0
1116;h_std_ch_504_7_0
1119;h_std_ch_504_3_0
1122;h_std_ch_504_2_0
1125;h_std_ch_504_1_0
1128;h_std_ch_504_0_0
1131;h_std_ch_503_7_0
1134;h_std_ch_503_3_0
1137;h_std_ch_503_2_0
1140;h_std_ch_503_1_0
1143;h_std_ch_503_0_0
1146;h_std_ch_502_7_0
1149;h_std_ch_502_3_0
1152;h_std_ch_502_2_0
1155;h_std_ch_502_1_0
1158;h_std_ch_502_0_0
1161;h_std_ch_501_7_0
1164;h_std_ch_501_3_0
1167;h_std_ch_501_2_0
1170;h_std_ch_501_1_0
1173;h_std_ch_501_0_0
1176;h_std_ch_207_7_0
1179;h_std_ch_207_3_0
1182;h_std_ch_207_2_0
1185;h_std_ch_207_1_0
1188;h_std_ch_207_0_0
1191;h_std_ch_206_7_0
1194;h_std_ch_206_3_0
1197;h_std_ch_206_2_0
1200;h_std_ch_206_1_0
1203;h_std_ch_206_0_0
1206;h_std_ch_205_7_0
1209;h_std_ch_205_3_0
1212;h_std_ch_205_2_0
1215;h_std_ch_205_1_0
1218;h_std_ch_205_0_0
1221;h_std_ch_204_7_0
1224;h_std_ch_204_3_0
1227;h_std_ch_204_2_0
1230;h_std_ch_204_1_0
1233;h_std_ch_204_0_0
1236;h_std_ch_203_7_0
1239;h_std_ch_203_3_0
1242;h_std_ch_203_2_0
1245;h_std_ch_203_1_0
1248;h_std_ch_203_0_0
1251;h_std_ch_202_7_0
1254;h_std_ch_202_3_0
1257;h_std_ch_202_2_0
1260;h_std_ch_202_1_0
1263;h_std_ch_202_0_0
1266;h_std_ch_201_7_0
1269;h_std_ch_201_3_0
1272;h_std_ch_201_2_0
1275;h_std_ch_201_1_0
1278;h_std_ch_201_0_0
1281;h_std_ch_200_7_0
1284;h_std_ch_200_3_0
1287;h_std_ch_200_2_0
1290;h_std_ch_200_1_0
1293;h_std_ch_200_0_0
1296;h_std_ch_106_7_0
1299;h_std_ch_106_3_0
1302;h_std_ch_106_2_0
1305;h_std_ch_106_1_0
1308;h_std_ch_106_0_0
1311;h_std_ch_105_7_0
1314;h_std_ch_105_3_0
1317;h_std_ch_105_2_0
1320;h_std_ch_105_1_0
1323;h_std_ch_105_0_0
1326;h_std_ch_101_7_0
1329;h_std_ch_101_3_0
1332;h_std_ch_101_2_0
1335;h_std_ch_101_1_0
1338;h_std_ch_101_0_0
1341;h_std_ch_100_7_0
1344;h_std_ch_100_3_0
1347;h_std_ch_100_2_0
1350;h_std_ch_100_1_0
1353;h_std_ch_100_0_0
1356;h_std_ch_023_7_0
1359;h_std_ch_023_3_0
1362;h_std_ch_023_2_0
1365;h_std_ch_023_1_0
1368;h_std_ch_023_0_0
1371;h_std_ch_022_7_0
1374;h_std_ch_022_3_0
1377;h_std_ch_022_2_0
1380;h_std_ch_022_1_0
1383;h_std_ch_022_0_0
1386;h_std_ch_021_7_0
1389;h_std_ch_021_3_0
1392;h_std_ch_021_2_0
1395;h_std_ch_021_1_0
1398;h_std_ch_021_0_0
1401;h_std_ch_020_7_0
1404;h_std_ch_020_3_0
1407;h_std_ch_020_2_0
1410;h_std_ch_020_1_0
1413;h_std_ch_020_0_0
1416;h_std_ch_018_7_0
1419;h_std_ch_018_3_0
1422;h_std_ch_018_2_0
1425;h_std_ch_018_1_0
1428;h_std_ch_018_0_0
1431;h_std_ch_017_7_0
1434;h_std_ch_017_3_0
1437;h_std_ch_017_2_0
1440;h_std_ch_017_1_0
1443;h_std_ch_017_0_0
1446;h_std_ch_016_7_0
1449;h_std_ch_016_3_0
1452;h_std_ch_016_2_0
1455;h_std_ch_016_1_0
1458;h_std_ch_016_0_0
1461;h_std_ch_015_7_0
1464;h_std_ch_015_3_0
1467;h_std_ch_015_2_0
1470;h_std_ch_015_1_0
1473;h_std_ch_015_0_0
1476;h_std_ch_010_7_0
1479;h_std_ch_010_3_0
1482;h_std_ch_010_2_0
1485;h_std_ch_010_1_0
1488;h_std_ch_010_0_0
1491;h_std_ch_009_7_0
1494;h_std_ch_009_3_0
1497;h_std_ch_009_2_0
1500;h_std_ch_009_1_0
1503;h_std_ch_009_0_0
1506;h_std_ch_008_7_0
1509;h_std_ch_008_3_0
1512;h_std_ch_008_2_0
1515;h_std_ch_008_1_0
1518;h_std_ch_008_0_0
1521;h_std_ch_006_7_0
1524;h_std_ch_006_3_0
1527;h_std_ch_006_2_0
1530;h_std_ch_006_1_0
1533;h_std_ch_006_0_0
1536;h_std_ch_005_7_0
1539;h_std_ch_005_3_0
1542;h_std_ch_005_2_0
1545;h_std_ch_005_1_0
1548;h_std_ch_005_0_0
1551;h_std_ch_004_7_0
1554;h_std_ch_004_3_0
1557;h_std_ch_004_2_0
1560;h_std_ch_004_1_0
1563;h_std_ch_004_0_0
1566;h_std_ch_003_7_0
1569;h_std_ch_003_3_0
1572;h_std_ch_003_2_0
1575;h_std_ch_003_1_0
1578;h_std_ch_003_0_0
1581;h_std_ch_002_7_0
1584;h_std_ch_002_3_0
1587;h_std_ch_002_2_0
1590;h_std_ch_002_1_0
1593;h_std_ch_002_0_0
1596;h_std_ch_001_7_0
1599;h_std_ch_001_3_0
1602;h_std_ch_001_2_0
1605;h_std_ch_001_1_0
1608;h_std_ch_001_0_0
1611;h_std_bd_001_7_0
1614;h_std_bd_001_3_0
1617;h_std_bd_001_2_0
1620;h_std_bd_001_1_0
1623;h_std_bd_001_0_0
1624;empty_mc
1627;prevIconBg
1630;modifyArrow
1633;prevIconMask
1636;aso#82515
1639;paletteSelector
1642;inactiveColorButton
1645;colorButtonBg
1648;aso#43797
1651;aso#49786
1654;arrowRight
1657;aso#07863
1660;aso#94493
1663;aso#37808
1666;radioButtonOff
1669;radioButtonOn
1672;nameBg
1675;aso#87112
1677;aso#81123
1680;aso#00482
1683;aso#47002
1703;__Packages.com.aso#35445.habbo.aso#66782.aso#74163
1704;__Packages.com.aso#35445.habbo.avatar.aso#63577
1705;__Packages.com.aso#35445.habbo.avatar.FigureData
1706;__Packages.com.aso#35445.habbo.avatar.AvatarImage
1707;__Packages.com.aso#35445.habbo.avatar.aso#75555
1708;__Packages.com.aso#35445.habbo.avatar.aso#36837
1709;__Packages.com.aso#35445.common.util.EventRelay
1710;__Packages.com.aso#35445.common.util.EventRelayListener
1711;__Packages.com.aso#35445.common.util.Event
1712;__Packages.com.aso#35445.common.util.Collection
1713;__Packages.com.aso#35445.common.util.Enumeration
1714;__Packages.com.aso#35445.habbo.aso#66782.aso#32240
1715;__Packages.com.aso#35445.habbo.avatar.MovingAvatar
1716;__Packages.com.aso#35445.habbo.ecard.LoczManager
1717;__Packages.com.aso#35445.habbo.ecard.RoomSpot
1718;__Packages.com.aso#35445.habbo.ecard.FurniManager
1719;__Packages.com.aso#35445.habbo.aso#66782.aso#98119
1720;__Packages.com.aso#35445.habbo.Localization
1721;__Packages.com.aso#35445.habbo.aso#66782.aso#60793
1722;__Packages.com.aso#35445.habbo.aso#66782.PreviewIcon
