13;cloudAnimation
16;prevIconBg
19;prevIconMask
20;empty_mc
21;randomizeButton
24;hcTagSmall
27;rotateArrowLeft
30;rotateArrowRight
33;partArrowLeft
36;partArrowLeftReactive
39;partArrowRight
42;partArrowRightReactive
45;partSelected
48;mainMenuMainSelectedBg
51;mainMenuSubSelectedBg
54;arrowSmallLeft
57;arrowSmallLeftReactive
60;arrowSmallRightReactive
63;arrowSmallRight
66;mainMenuMainUnselectedBg
69;mainMenuMain_body_Selected
72;mainMenuMain_body_Unselected
75;mainMenuMain_chest_Selected
78;mainMenuMain_chest_Unselected
81;mainMenuMain_legs_Unselected
84;mainMenuMain_legs_Selected
87;mainMenuMain_head_Unselected
90;mainMenuMain_head_Selected
93;mainMenuSub_sh
96;mainMenuSub_male
99;mainMenuSub_lg
102;mainMenuSub_female
105;mainMenuSub_ha
108;mainMenuSub_hr
111;mainMenuSub_ea
114;mainMenuSub_wa
117;mainMenuSub_ca
120;mainMenuSub_he
123;mainMenuSub_fa
126;mainMenuSub_ch
129;partRemove
132;colorBg
135;colorSelect
138;mainMenuSubGenderSelectedBg
141;randomizeButtonBg
156;__Packages.com.sulake.habbo.avatareditor.ExternalsPreloader
157;__Packages.com.sulake.habbo.avatar.GraphicLoader
158;__Packages.com.sulake.habbo.Localization
159;__Packages.com.sulake.habbo.avatar.FigureData
160;__Packages.it.sephiroth.XMLObject
161;__Packages.com.sulake.habbo.avatar.FigureDataSet
162;__Packages.com.sulake.habbo.avatar.FigureDataColor
163;__Packages.com.sulake.habbo.avatar.FigureDataPart
164;__Packages.com.sulake.habbo.avatar.DrawOrder
165;__Packages.com.sulake.habbo.avatareditor.AvatarEditor
166;__Packages.com.sulake.common.util.EventRelayListener
167;__Packages.com.sulake.common.util.Event
168;__Packages.com.sulake.habbo.avatareditor.AvatarEditorUi
169;__Packages.com.sulake.habbo.avatar.AvatarImageManager
170;__Packages.com.sulake.habbo.avatar.AvatarImage
171;__Packages.com.sulake.habbo.avatar.Figure
172;__Packages.com.sulake.habbo.avatar.FigureSetItem
173;__Packages.com.sulake.habbo.avatar.AvatarBodypart
174;__Packages.com.sulake.habbo.avatar.dance.DanceData
175;__Packages.com.sulake.habbo.avatareditor.MainMenu
176;__Packages.com.sulake.common.util.EventRelay
177;__Packages.com.sulake.common.util.Collection
178;__Packages.com.sulake.common.util.Enumeration
179;__Packages.com.sulake.habbo.avatareditor.BodyPartMenu
180;__Packages.com.sulake.habbo.avatareditor.PreviewIcon
181;__Packages.com.sulake.habbo.avatareditor.ColorChooserMenu
182;__Packages.com.sulake.habbo.avatareditor.RandomizeMenu
